year,age,person,monthly_benefit
2026,45,Kristen,0.0
2026,49,Steve,0.0
2027,46,Kristen,0.0
2027,50,Steve,0.0
2028,47,Kristen,0.0
2028,51,Steve,0.0
2029,48,Kristen,0.0
2029,52,Steve,0.0
2030,49,Kristen,0.0
2030,53,Steve,0.0
2031,50,Kristen,0.0
2031,54,Steve,0.0
2032,51,Kristen,0.0
2032,55,Steve,0.0
2033,52,Kristen,0.0
2033,56,Steve,0.0
2034,53,Kristen,0.0
2034,57,Steve,0.0
2035,54,Kristen,0.0
2035,58,Steve,0.0
2036,55,Kristen,0.0
2036,59,Steve,0.0
2037,56,Kristen,0.0
2037,60,Steve,0.0
2038,57,Kristen,0.0
2038,61,Steve,0.0
2039,58,Kristen,0.0
2039,62,Steve,0.0
2040,59,Kristen,0.0
2040,63,Steve,0.0
2041,60,Kristen,0.0
2041,64,Steve,0.0
2042,61,Kristen,0.0
2042,65,Steve,0.0
2043,62,Kristen,0.0
2043,66,Steve,0.0
2044,63,Kristen,0.0
2044,67,Steve,0.0
2045,64,Kristen,0.0
2045,68,Steve,0.0
2046,65,Kristen,3659.93
2046,69,Steve,0.0
2047,66,Kristen,3733.13
2047,70,Steve,5236.52
2048,67,Kristen,3807.79
2048,71,Steve,5341.25
2049,68,Kristen,3883.95
2049,72,Steve,5448.08
2050,69,Kristen,3961.63
2050,73,Steve,5557.04
2051,70,Kristen,4040.86
2051,74,Steve,5668.18
2052,71,Kristen,4121.68
2052,75,Steve,5781.54
2053,72,Kristen,4204.11
2053,76,Steve,5897.17
2054,73,Kristen,4288.19
2054,77,Steve,6015.12
2055,74,Kristen,4373.96
2055,78,Steve,6135.42
2056,75,Kristen,4461.43
2056,79,Steve,6258.13
